global_step,precision,recall,f1_score,train_loss,eval_loss
894,0.7537585060927362,0.8451029098651526,0.7968214136344626,0.0012200383935123682,0.21651280726307326
1788,0.7834484924623115,0.8852022711142654,0.8312229256914362,0.00013165904965717345,0.20852416592205633
