global_step,precision,recall,f1_score,train_loss,eval_loss
894,0.7567866161616161,0.8507806955287438,0.8010357500835282,0.07614044845104218,0.21460278927521548
